<application>
  <component name="FileTypeManager" version="18">
    <extensionMap>
      <mapping pattern="tempFile" type="AUTO_DETECTED" />
      <mapping ext="space.kts" type="Kotlin" />
      <mapping ext="gradle.kts" type="Kotlin" />
      <mapping ext="main.kts" type="Kotlin" />
      <mapping pattern=".evn" type="PLAIN_TEXT" />
      <removed_mapping ext="apk" approved="true" type="ARCHIVE" />
      <removed_mapping ext="conf" approved="true" type="Casbin" />
      <removed_mapping ext="ignore" approved="true" type="IgnoreLang file" />
      <removed_mapping ext="psd" approved="true" type="Image" />
      <removed_mapping ext="wxml" approved="true" type="HTML" />
      <removed_mapping ext="wxss" approved="true" type="Wxss" />
    </extensionMap>
  </component>
</application>