<application>
  <component name="ProjectManager">
    <defaultProject>
      <component name="AutoImportSettings">
        <option name="autoReloadType" value="SELECTIVE" />
      </component>
      <component name="CompilerConfiguration">
        <bytecodeTargetLevel target="11" />
      </component>
      <component name="CompilerWorkspaceConfiguration">
        <option name="MAKE_PROJECT_ON_SAVE" value="true" />
      </component>
      <component name="MavenImportPreferences">
        <option name="generalSettings">
          <MavenGeneralSettings>
            <option name="mavenHome" value="D:/Program Files/Apache/apache-maven-3.8.1" />
            <option name="printErrorStackTraces" value="true" />
            <option name="userSettingsFile" value="D:\Program Files\Apache\apache-maven-3.8.1\conf\settings.xml" />
          </MavenGeneralSettings>
        </option>
      </component>
      <component name="ProjectDictionaryState">
        <dictionary name="Venux" />
      </component>
      <component name="ProjectInspectionProfilesVisibleTreeState">
        <entry key="Project Default">
          <profile-state>
            <expanded-state>
              <State />
              <State>
                <id>Java</id>
              </State>
              <State>
                <id>Proofreading</id>
              </State>
            </expanded-state>
            <selected-state>
              <State>
                <id>Class metricsJava</id>
              </State>
            </selected-state>
          </profile-state>
        </entry>
      </component>
      <component name="ProjectViewState">
        <option name="showLibraryContents" value="true" />
        <option name="showVisibilityIcons" value="true" />
      </component>
      <component name="PropertiesComponent">
        <property name="LombokPluginIS_ANNOTATION_PROCESSING_CHECK_Enabled" value="true" />
        <property name="LombokPluginIS_LOMBOK_VERSION_CHECK_Enabled" value="true" />
        <property name="android.sdk.path" value="D:/ProgramData/Android/SDK" />
        <property name="project.structure.last.edited" value="SDK Location" />
        <property name="project.structure.proportion" value="0.17" />
        <property name="project.structure.side.proportion" value="0.0" />
        <property name="settings.editor.selected.configurable" value="MavenSettings" />
      </component>
      <component name="masterDetails">
        <states>
          <state key="ArquillianSettingsConfigurable.UI">
            <settings>
              <splitter-proportions>
                <option name="proportions">
                  <list>
                    <option value="0.31609195" />
                  </list>
                </option>
              </splitter-proportions>
            </settings>
          </state>
        </states>
      </component>
    </defaultProject>
  </component>
</application>